experiment,dataset,image_id,threshold,accuracy,dice,sensitivity,specificity,auc
E1_RGB_UNet,DRIVE_test,01,0.35,0.9513185397790326,0.8287689485977646,0.8987488100095199,0.9592490959915883,0.9844793493030508
E1_RGB_UNet,DRIVE_test,02,0.35,0.9499660131415852,0.8441461389427068,0.9043975921477924,0.957996279341987,0.9841834640796008
E1_RGB_UNet,DRIVE_test,03,0.35,0.9266370438627192,0.689503881201485,0.5591133004926109,0.9893124387448727,0.9404340413542831
E1_RGB_UNet,DRIVE_test,04,0.35,0.9530620405401249,0.8282747090219279,0.8489931779982204,0.9690722694870053,0.9736613334969842
E1_RGB_UNet,DRIVE_test,05,0.35,0.9529717646128779,0.8279452406967028,0.8338403780179947,0.9716761096572576,0.9729853638060174
E1_RGB_UNet,DRIVE_test,06,0.35,0.9494283491356006,0.8101954961643157,0.7648341379847375,0.9797588462286457,0.9680337485481737
E1_RGB_UNet,DRIVE_test,07,0.35,0.9532842868123421,0.819997292174384,0.8036756900212314,0.9761151414208403,0.9709267422553558
E1_RGB_UNet,DRIVE_test,08,0.35,0.9527898138940191,0.8107222953971023,0.8044223093497227,0.9741186267689668,0.9746779585384928
E1_RGB_UNet,DRIVE_test,09,0.35,0.9584116665202495,0.8217486256495218,0.8161555721765146,0.9773442166036234,0.9733599273744665
E1_RGB_UNet,DRIVE_test,10,0.35,0.9514102722010099,0.8104537030681584,0.8697333529758398,0.9624887601158957,0.9766496739557851
E1_RGB_UNet,DRIVE_test,11,0.35,0.9445995417314125,0.8013160587503739,0.8617817356855043,0.9569348550794075,0.9735213555423025
E1_RGB_UNet,DRIVE_test,12,0.35,0.9544386107510819,0.8290245993536899,0.8824499824499824,0.9647389699419934,0.9829706328531127
E1_RGB_UNet,DRIVE_test,13,0.35,0.9485626373626374,0.8242890176882188,0.8510479970234404,0.9646705728099647,0.9759112421306353
E1_RGB_UNet,DRIVE_test,14,0.35,0.9519468329097559,0.8151138822166573,0.8983515451916939,0.9591111468053387,0.9839294145608191
E1_RGB_UNet,DRIVE_test,15,0.35,0.9545898308662498,0.805909552272471,0.9079281721158733,0.9599964668125742,0.9815996519412689
E1_RGB_UNet,DRIVE_test,16,0.35,0.9582817289871495,0.8459929635694483,0.875767849350475,0.9707028190578213,0.9853356569372544
E1_RGB_UNet,DRIVE_test,17,0.35,0.9550521506614015,0.8192612372051624,0.8262180891170874,0.9731711381436428,0.9805289133380304
E1_RGB_UNet,DRIVE_test,18,0.35,0.95067483260988,0.8112633437000925,0.9229268665850673,0.9542756169714297,0.9864233908363529
E1_RGB_UNet,DRIVE_test,19,0.35,0.9510220416204901,0.8242793354265608,0.9544707129024007,0.9505501922298158,0.9894179915691013
E1_RGB_UNet,DRIVE_test,20,0.35,0.9502292075965947,0.7995468384904058,0.9307616221562809,0.9525531464781387,0.9871916701303789
E1_RGB_UNet,STARE_AH,im0001,0.35,0.8940541422048272,0.0006153278158939175,0.0003077585941587419,1.0,0.48384958057073957
E1_RGB_UNet,STARE_AH,im0002,0.35,0.9189332042954719,0.3003630055575187,0.18403338188402946,0.9956793777646227,0.639575328700056
E1_RGB_UNet,STARE_AH,im0003,0.35,0.9196036399889157,0.0,0.0,0.9999930728253867,0.525662541401207
E1_RGB_UNet,STARE_AH,im0004,0.35,0.9065014310627632,0.0037872810478144234,0.0018975332068311196,0.999983658995927,0.49270518062774593
E1_RGB_UNet,STARE_AH,im0005,0.35,0.9364269886637335,0.7712291406647251,0.8727995605660328,0.9453322057849092,0.9607783540979271
E1_RGB_UNet,STARE_AH,im0044,0.35,0.9293577540621094,0.39691171189657826,0.26255599294149584,0.9941291649635422,0.7651936781521875
E1_RGB_UNet,STARE_AH,im0077,0.35,0.9452814761003483,0.7356593173126859,0.6981391319931898,0.9755349333801354,0.9478030480823636
E1_RGB_UNet,STARE_AH,im0081,0.35,0.9355255366636084,0.6463334106687131,0.5767981142893547,0.9763342126623377,0.8667550041306691
E1_RGB_UNet,STARE_AH,im0082,0.35,0.898320469140525,0.10510699001426534,0.05549028468142793,0.9999527760421965,0.6236329782342525
E1_RGB_UNet,STARE_AH,im0139,0.35,0.9272328222873712,0.5740702537461788,0.4507569064027802,0.9853964213682496,0.8295592410123992
E1_RGB_UNet,STARE_AH,im0162,0.35,0.9076961485213682,0.13795609386828162,0.07550046400636351,0.9979335501608237,0.7433240847268805
E1_RGB_UNet,STARE_AH,im0163,0.35,0.8946865239705564,0.008574556069082948,0.004306658521686011,0.9999747172850698,0.5285212840998909
E1_RGB_UNet,STARE_AH,im0235,0.35,0.9119763137449484,0.48975343917346303,0.3458680778276673,0.9907408096027844,0.8629378679910871
E1_RGB_UNet,STARE_AH,im0236,0.35,0.9106197578408015,0.48861917654747455,0.3422980326496442,0.9916214865802092,0.8488004495691261
E1_RGB_UNet,STARE_AH,im0239,0.35,0.9429806298760196,0.7422635287938254,0.6959507523939809,0.9760225721573463,0.9426911471177745
E1_RGB_UNet,STARE_AH,im0240,0.35,0.9556495753130219,0.8216448964508924,0.8292793669326068,0.9734038675342191,0.9788138427306093
E1_RGB_UNet,STARE_AH,im0255,0.35,0.9469086544699624,0.8152604548789435,0.9531023198120926,0.9460407043185929,0.988714460565322
E1_RGB_UNet,STARE_AH,im0291,0.35,0.9723263988709719,0.7890424604656955,0.7401420295271912,0.9897822269055145,0.959263179324914
E1_RGB_UNet,STARE_AH,im0319,0.35,0.9410185497033602,0.0,0.0,1.0,0.41366418641592784
E1_RGB_UNet,STARE_AH,im0324,0.35,0.9097957724449212,0.0,0.0,1.0,0.47575316848388305
E1_RGB_UNet,STARE_VK,im0001,0.35,0.8767188519243314,0.0005288486963879634,0.00026449428692340246,1.0,0.49218206648801477
E1_RGB_UNet,STARE_VK,im0002,0.35,0.9314176173903334,0.31406127843341647,0.19957416607523065,0.9939075630252101,0.6351433075823548
E1_RGB_UNet,STARE_VK,im0003,0.35,0.9228079004449654,0.0,0.0,0.9999930968784084,0.532523218880071
E1_RGB_UNet,STARE_VK,im0004,0.35,0.9206787643615386,0.004831142286430994,0.0024214202561117578,1.0,0.4982369674263416
E1_RGB_UNet,STARE_VK,im0005,0.35,0.9247663701467613,0.7473660372475224,0.7799234751294171,0.9488724902607132,0.9307883878796792
E1_RGB_UNet,STARE_VK,im0044,0.35,0.8789269060667243,0.3012363661585947,0.18039085377250733,0.9970774305275028,0.7312156080863778
E1_RGB_UNet,STARE_VK,im0077,0.35,0.908926250362412,0.6695429132043357,0.5193171608265947,0.9930991863219693,0.89340678212609
E1_RGB_UNet,STARE_VK,im0081,0.35,0.8809319304273138,0.5561686697308901,0.39658929745062094,0.9931515083512327,0.8032278467331934
E1_RGB_UNet,STARE_VK,im0082,0.35,0.8383844605305385,0.06926164473070101,0.035873138657899824,1.0,0.5987201284115226
E1_RGB_UNet,STARE_VK,im0139,0.35,0.8489354544143798,0.43752236882918566,0.28449305717167017,0.9958409045023219,0.768746781815625
E1_RGB_UNet,STARE_VK,im0162,0.35,0.8503892331086448,0.10089240481664784,0.053415585219418596,0.9989844513344464,0.7003001151841606
E1_RGB_UNet,STARE_VK,im0163,0.35,0.8419587285899311,0.00601296036727812,0.003015546364025347,1.0,0.5283561356639614
E1_RGB_UNet,STARE_VK,im0235,0.35,0.8535963543536877,0.40088700089501594,0.2524904085616208,0.9982746749827872,0.8135586979111082
E1_RGB_UNet,STARE_VK,im0236,0.35,0.8612186286348357,0.40435903182429406,0.2574695421059203,0.996417001865396,0.8135574925912372
E1_RGB_UNet,STARE_VK,im0239,0.35,0.922190266843551,0.71649339041257,0.5743132411998718,0.9940491026919243,0.9314730104706408
E1_RGB_UNet,STARE_VK,im0240,0.35,0.9245910939584981,0.7619468022045933,0.6308633724572908,0.9940717320422883,0.9497029006434118
E1_RGB_UNet,STARE_VK,im0255,0.35,0.9474373945763591,0.8474199623352165,0.8108332132045553,0.9774273688208115,0.967140234194022
E1_RGB_UNet,STARE_VK,im0291,0.35,0.9666812586571885,0.7726837096306862,0.6637310461020064,0.994939068817235,0.9364373648856006
E1_RGB_UNet,STARE_VK,im0319,0.35,0.914000362703697,0.0,0.0,1.0,0.4396620213440619
E1_RGB_UNet,STARE_VK,im0324,0.35,0.8652889765639464,0.0,0.0,1.0,0.4877289309873162
E2_Green_UNet,DRIVE_test,01,0.25,0.9486578392615999,0.824132877381534,0.9177206582347341,0.9533249557612905,0.9855949826317221
E2_Green_UNet,DRIVE_test,02,0.25,0.9526183209159125,0.8494260825368141,0.8920321442339056,0.963295081624548,0.9852903710946062
E2_Green_UNet,DRIVE_test,03,0.25,0.9458195076353294,0.8155521370615028,0.8221735693000061,0.9669053780057145,0.9751379955076592
E2_Green_UNet,DRIVE_test,04,0.25,0.9543451227496628,0.83139685836687,0.8442474376297663,0.971282841700721,0.9730934921150226
E2_Green_UNet,DRIVE_test,05,0.25,0.9522778478038412,0.8186339965282414,0.793675966081947,0.9771792982545289,0.9707397028382483
E2_Green_UNet,DRIVE_test,06,0.25,0.950307473879006,0.815708393785762,0.7792867154648808,0.9784077300224162,0.9708131036145868
E2_Green_UNet,DRIVE_test,07,0.25,0.9548962336664104,0.8263053737250723,0.8103105095541401,0.9769605783396024,0.9739190025016203
E2_Green_UNet,DRIVE_test,08,0.25,0.9528697258133257,0.8070309375795253,0.7841121825438875,0.9771297419987103,0.9745870144959792
E2_Green_UNet,DRIVE_test,09,0.25,0.9588684880962839,0.8204754601226993,0.800224382946896,0.979982082420864,0.9770513025088333
E2_Green_UNet,DRIVE_test,10,0.25,0.9534117502155438,0.8132592788503923,0.849366529169122,0.9675242281946248,0.9767612244516175
E2_Green_UNet,DRIVE_test,11,0.25,0.9464607091750288,0.8051504065690049,0.8532827684285376,0.9603391146907672,0.9737426957940214
E2_Green_UNet,DRIVE_test,12,0.25,0.954825245491092,0.8272919676151443,0.8643734643734644,0.9677673706149712,0.982112484458365
E2_Green_UNet,DRIVE_test,13,0.25,0.9515956043956044,0.8290964397678244,0.8281967009797842,0.9719792264197329,0.9766910656970248
E2_Green_UNet,DRIVE_test,14,0.25,0.9523630309846184,0.8150580146110873,0.8902406969321467,0.9606671920410796,0.9828086049565978
E2_Green_UNet,DRIVE_test,15,0.25,0.9449237886663676,0.7751848926545559,0.9144502795188887,0.9484547212216977,0.9809187166996007
E2_Green_UNet,DRIVE_test,16,0.25,0.9565952550352667,0.8403779374949527,0.8732838776811789,0.9691363951026513,0.9854790604254837
E2_Green_UNet,DRIVE_test,17,0.25,0.9543305413398028,0.8157659749258849,0.8200423683171161,0.9732165851146021,0.9795292039929303
E2_Green_UNet,DRIVE_test,18,0.25,0.9520763404389927,0.8124871071993399,0.9039167686658507,0.9583258879822105,0.9849688759186276
E2_Green_UNet,DRIVE_test,19,0.25,0.9538937850722113,0.8304273283084787,0.938027551430555,0.9560646132156123,0.9883177112750952
E2_Green_UNet,DRIVE_test,20,0.25,0.9551825529726665,0.8102777829460249,0.8974200461589186,0.9620779399682179,0.9854934608969201
E2_Green_UNet,STARE_AH,im0001,0.25,0.9429028049575995,0.7553182567858441,0.8315637214169206,0.9561010846129431,0.9666508478971577
E2_Green_UNet,STARE_AH,im0002,0.25,0.955072490740913,0.7814989138305576,0.849702791008936,0.966076332363146,0.9801920510011959
E2_Green_UNet,STARE_AH,im0003,0.25,0.9635905553945285,0.7996424377333357,0.9037996751059868,0.9688173234782729,0.9886931678860442
E2_Green_UNet,STARE_AH,im0004,0.25,0.9590305058890176,0.7650992463645049,0.7123655913978495,0.9845209838918553,0.9600321986804443
E2_Green_UNet,STARE_AH,im0005,0.25,0.9456148238543306,0.803230116772207,0.9041092307289895,0.9514238959726753,0.9844753315422519
E2_Green_UNet,STARE_AH,im0044,0.25,0.9540128353042977,0.7831704207394815,0.9380344780779151,0.955564931896995,0.9872473702743798
E2_Green_UNet,STARE_AH,im0077,0.25,0.9348407504291937,0.7671803706117888,0.9843483975029123,0.9287803665189476,0.9921063634183549
E2_Green_UNet,STARE_AH,im0081,0.25,0.9349822033953449,0.7523238232159235,0.9667770911639166,0.9313652307513914,0.9893370021511376
E2_Green_UNet,STARE_AH,im0082,0.25,0.9474161936468933,0.7988691738273258,0.9704473565295978,0.9446389910056523,0.9916659019522934
E2_Green_UNet,STARE_AH,im0139,0.25,0.9352525592348728,0.7607161464500545,0.9460446486422808,0.933935164712692,0.9853910611731411
E2_Green_UNet,STARE_AH,im0162,0.25,0.9401187314988636,0.762892686120704,0.9847540766273366,0.9352787910369984,0.9922603136577104
E2_Green_UNet,STARE_AH,im0163,0.25,0.9432348542839517,0.7856472051810565,0.9837507635919365,0.9384438127778841,0.9930479186678427
E2_Green_UNet,STARE_AH,im0235,0.25,0.9515012828966697,0.8277788725700441,0.9542709001496686,0.9511159369631343,0.9892088393052385
E2_Green_UNet,STARE_AH,im0236,0.25,0.9541823047550667,0.836552454798412,0.9399068647969862,0.9562169539051255,0.9888704420210419
E2_Green_UNet,STARE_AH,im0239,0.25,0.9447720677712254,0.7696925644753136,0.7822435020519836,0.966511379397417,0.9579765453033051
E2_Green_UNet,STARE_AH,im0240,0.25,0.9581505541306102,0.840778853607746,0.896964389959136,0.9667468605901544,0.9879186839736055
E2_Green_UNet,STARE_AH,im0255,0.25,0.9503373556507071,0.8264723217119282,0.962207384339289,0.9486739475348479,0.992146234945613
E2_Green_UNet,STARE_AH,im0291,0.25,0.9741199069597261,0.8186521380825932,0.835404597271538,0.9845486476993326,0.980180257579329
E2_Green_UNet,STARE_AH,im0319,0.25,0.9691248477939843,0.7487482211563801,0.7799923131828913,0.98097935501189,0.9808059373405512
E2_Green_UNet,STARE_AH,im0324,0.25,0.9346490976065986,0.5375945793337098,0.4211401677341732,0.9855623660177041,0.8970598626516111
E2_Green_UNet,STARE_VK,im0001,0.25,0.9365003261578604,0.7466985857587073,0.7589928057553957,0.9614683472722403,0.9555160520389325
E2_Green_UNet,STARE_VK,im0002,0.25,0.9429826357223949,0.699482068586675,0.8434823752070026,0.951478668390433,0.9647621751517663
E2_Green_UNet,STARE_VK,im0003,0.25,0.9379692123443656,0.6525237746891002,0.7545908471918459,0.9533072855545277,0.9305343413554846
E2_Green_UNet,STARE_VK,im0004,0.25,0.9434535821000523,0.6471675445892247,0.6522002328288707,0.9686127335038857,0.9259951854274174
E2_Green_UNet,STARE_VK,im0005,0.25,0.932200777160474,0.7711783577560045,0.8007202340760747,0.9540830086904405,0.9570352118071876
E2_Green_UNet,STARE_VK,im0044,0.25,0.9397323574656283,0.7753072037458134,0.7187181989989824,0.9771147354407214,0.940952028664299
E2_Green_UNet,STARE_VK,im0077,0.25,0.9510768118160999,0.8596054968682808,0.8430240020536517,0.9744210367858529,0.9740070926169272
E2_Green_UNet,STARE_VK,im0081,0.25,0.9368562151469603,0.818803099617216,0.7584316302881455,0.9781962299233803,0.9592184592585076
E2_Green_UNet,STARE_VK,im0082,0.25,0.9445472787450685,0.8274978822959945,0.7934442080835429,0.974977508967204,0.9615268267327886
E2_Green_UNet,STARE_VK,im0139,0.25,0.9200877909677833,0.7830330656877158,0.6982545962299278,0.9778235412881082,0.951957472650016
E2_Green_UNet,STARE_VK,im0162,0.25,0.9527019359524296,0.8483418234743736,0.8417957869978749,0.9733803152816993,0.9733598225466904
E2_Green_UNet,STARE_VK,im0163,0.25,0.9630695490118182,0.8837180921387165,0.8852666109741437,0.9777261735692626,0.9884946990012875
E2_Green_UNet,STARE_VK,im0235,0.25,0.9465590295686463,0.8488072479428144,0.7732718583832536,0.9882669798712082,0.9719169913067562
E2_Green_UNet,STARE_VK,im0236,0.25,0.9480956887830032,0.8466788778559723,0.7833074686502203,0.984996944265805,0.974961496552404
E2_Green_UNet,STARE_VK,im0239,0.25,0.9370479040176626,0.7851642964937597,0.6719395162050567,0.9918097270687937,0.9588726338283741
E2_Green_UNet,STARE_VK,im0240,0.25,0.9321739338878635,0.7950553496625904,0.6877323420074349,0.9899960478213615,0.9639327090700911
E2_Green_UNet,STARE_VK,im0255,0.25,0.9489198131568704,0.8512089801857644,0.8116440824563933,0.9790572188113171,0.9739225097145776
E2_Green_UNet,STARE_VK,im0291,0.25,0.9713365392154301,0.8187040251260435,0.7585771174758769,0.9911817649327829,0.9693614168672127
E2_Green_UNet,STARE_VK,im0319,0.25,0.9602418456436695,0.7347750005400852,0.6403825877391174,0.990337873269179,0.9552640288305896
E2_Green_UNet,STARE_VK,im0324,0.25,0.899578010584848,0.459617300491257,0.31702288991043076,0.9902721008130562,0.8699044711907042
E3_Green_CLAHE_UNet,DRIVE_test,01,0.3,0.9486622960463862,0.8226017587359278,0.908030735754114,0.9547918857230785,0.9841511330382109
E3_Green_CLAHE_UNet,DRIVE_test,02,0.3,0.9530048381292567,0.8495947675245272,0.885923553657741,0.9648261951046174,0.9847379246968525
E3_Green_CLAHE_UNet,DRIVE_test,03,0.3,0.9469757716179279,0.8145519902077749,0.79930669585842,0.9721584102965656,0.9730513699561633
E3_Green_CLAHE_UNet,DRIVE_test,04,0.3,0.9549954520887436,0.8320818441158147,0.8363049138186732,0.973255118285894,0.9706270701757385
E3_Green_CLAHE_UNet,DRIVE_test,05,0.3,0.9530288590338746,0.8212644350485485,0.7952294646902712,0.9778043141339973,0.9698028183503548
E3_Green_CLAHE_UNet,DRIVE_test,06,0.3,0.950619563162915,0.8152363409098385,0.771966983335929,0.9799737965341823,0.9661981723152094
E3_Green_CLAHE_UNet,DRIVE_test,07,0.3,0.9552563961787636,0.8271896045734448,0.8088176751592356,0.9776035153975832,0.9729606356682103
E3_Green_CLAHE_UNet,DRIVE_test,08,0.3,0.952767616138656,0.8051572257934546,0.7764473172971637,0.9781148286000091,0.9714195823271689
E3_Green_CLAHE_UNet,DRIVE_test,09,0.3,0.9590705437933761,0.8224128073184677,0.8068810770381452,0.9793251045192116,0.9748792250673082
E3_Green_CLAHE_UNet,DRIVE_test,10,0.3,0.9538296412295674,0.8116633769962318,0.8329773129051267,0.9702218003796583,0.9753060830807665
E3_Green_CLAHE_UNet,DRIVE_test,11,0.3,0.947474694268131,0.8065006468305304,0.8443774760437477,0.9628305283915252,0.971900128576298
E3_Green_CLAHE_UNet,DRIVE_test,12,0.3,0.955739109422025,0.8286851234609891,0.8552123552123552,0.9701227933606208,0.9805097457090025
E3_Green_CLAHE_UNet,DRIVE_test,13,0.3,0.9512923076923077,0.8266833502776257,0.8193910455165571,0.973080390068016,0.9726828919025255
E3_Green_CLAHE_UNet,DRIVE_test,14,0.3,0.9561885111620781,0.82686217214047,0.8872366790582404,0.9654056007589485,0.9833186519014679
E3_Green_CLAHE_UNet,DRIVE_test,15,0.3,0.9535431893541606,0.8005889459377832,0.8981026596645774,0.9599670235840261,0.9822950656399363
E3_Green_CLAHE_UNet,DRIVE_test,16,0.3,0.9574868024629547,0.8414362468876949,0.8621395723540667,0.9718397396704446,0.9837319447133891
E3_Green_CLAHE_UNet,DRIVE_test,17,0.3,0.9550078801508739,0.8173403547871098,0.8164159276148074,0.9744991996283447,0.9785725377208069
E3_Green_CLAHE_UNet,DRIVE_test,18,0.3,0.9518522749239935,0.8097891174173393,0.8922888616891065,0.9595816705382493,0.9835034475696856
E3_Green_CLAHE_UNet,DRIVE_test,19,0.3,0.9558639857864092,0.8352647647811956,0.9296963496181533,0.959444258352873,0.987255425310828
E3_Green_CLAHE_UNet,DRIVE_test,20,0.3,0.9553803351749054,0.8099445858918676,0.8915265413781734,0.963002868261676,0.9847066071309003
E3_Green_CLAHE_UNet,STARE_AH,im0001,0.3,0.9373222439660795,0.7214725704761215,0.7659803650016926,0.9576333329685123,0.9427830671478159
E3_Green_CLAHE_UNet,STARE_AH,im0002,0.3,0.9519234706221734,0.7673044355565164,0.8382868165177342,0.963790636870406,0.9691393650538995
E3_Green_CLAHE_UNet,STARE_AH,im0003,0.3,0.9516207633529432,0.7191227324000962,0.7703950235746265,0.9674630608413747,0.9627663141116293
E3_Green_CLAHE_UNet,STARE_AH,im0004,0.3,0.9481892335205625,0.6965234552907241,0.6348039215686274,0.9805746314082269,0.9118136810911919
E3_Green_CLAHE_UNet,STARE_AH,im0005,0.3,0.9433186679084107,0.7963680834371683,0.9027490779733724,0.9489967381634872,0.9814647295782191
E3_Green_CLAHE_UNet,STARE_AH,im0044,0.3,0.9508460724930295,0.7587874498702524,0.8732184064069499,0.9583866246489365,0.9758910801783024
E3_Green_CLAHE_UNet,STARE_AH,im0077,0.3,0.9294786803965195,0.7459214572427877,0.9491621613548792,0.9270691647287672,0.9849029629947169
E3_Green_CLAHE_UNet,STARE_AH,im0081,0.3,0.9326201677500797,0.7247547912070387,0.8685099063515321,0.939913323283859,0.9628960007965114
E3_Green_CLAHE_UNet,STARE_AH,im0082,0.3,0.9358562495340039,0.752992872033655,0.908570567856605,0.9391464814518824,0.9760219433104191
E3_Green_CLAHE_UNet,STARE_AH,im0139,0.3,0.9338684096698227,0.7497817864416643,0.9107616186605407,0.93668906457284,0.977928186418539
E3_Green_CLAHE_UNet,STARE_AH,im0162,0.3,0.9401252160154591,0.7630704489177988,0.9856158027310089,0.9351925392176241,0.9926313462753767
E3_Green_CLAHE_UNet,STARE_AH,im0163,0.3,0.931852756218327,0.7470598813163101,0.9516799022602321,0.9295081789582799,0.9849997727887265
E3_Green_CLAHE_UNet,STARE_AH,im0235,0.3,0.9424132820609915,0.7935590324505869,0.9061898652982682,0.9474531648582116,0.9801718944070295
E3_Green_CLAHE_UNet,STARE_AH,im0236,0.3,0.945302046277863,0.803466310185511,0.8962693595646715,0.9522905744520594,0.9777371745040397
E3_Green_CLAHE_UNet,STARE_AH,im0239,0.3,0.9364636693167037,0.7347312813325427,0.745827633378933,0.9619625480774509,0.9325540914923789
E3_Green_CLAHE_UNet,STARE_AH,im0240,0.3,0.9528289825890325,0.8220577818636685,0.8845106051761042,0.9624273242568393,0.982661733429555
E3_Green_CLAHE_UNet,STARE_AH,im0255,0.3,0.9518976255352277,0.8303453956776917,0.9577208308041487,0.9510815898575755,0.9914657153446556
E3_Green_CLAHE_UNet,STARE_AH,im0291,0.3,0.9670177456028016,0.7739060330541497,0.8072790132685479,0.9790270460133473,0.9364633352461227
E3_Green_CLAHE_UNet,STARE_AH,im0319,0.3,0.9588298919661131,0.6622027368141358,0.6841816285071103,0.9760443803578372,0.9496568322108974
E3_Green_CLAHE_UNet,STARE_AH,im0324,0.3,0.9260273622788705,0.49262162280509697,0.3981032591386815,0.9783698630617608,0.8460799697282063
E3_Green_CLAHE_UNet,STARE_VK,im0001,0.3,0.9303131115459883,0.712474767864352,0.700169276343631,0.9626849013363493,0.930801002576462
E3_Green_CLAHE_UNet,STARE_VK,im0002,0.3,0.9399452829837524,0.6851165150864593,0.8304707830612728,0.9492929864253393,0.9575630976581274
E3_Green_CLAHE_UNet,STARE_VK,im0003,0.3,0.9307198119487701,0.5901528141546231,0.6462262204431973,0.9545153318330549,0.9096972852822144
E3_Green_CLAHE_UNet,STARE_VK,im0004,0.3,0.9358780208753735,0.5904748391978812,0.5813736903376019,0.9665009412559733,0.8767684520794852
E3_Green_CLAHE_UNet,STARE_VK,im0005,0.3,0.9285108706124153,0.7603122476446837,0.7946657663740716,0.950786634701828,0.9471048786746463
E3_Green_CLAHE_UNet,STARE_VK,im0044,0.3,0.931782400730699,0.7375356907533495,0.6625199892006397,0.9773254976622957,0.9295250453917046
E3_Green_CLAHE_UNet,STARE_VK,im0077,0.3,0.9453759475650795,0.8421983813288161,0.820470506261804,0.9723610924043512,0.9693596037476842
E3_Green_CLAHE_UNet,STARE_VK,im0081,0.3,0.9205236821728126,0.7597230145771448,0.6679407796879865,0.9790457795018113,0.9381133645481489
E3_Green_CLAHE_UNet,STARE_VK,im0082,0.3,0.9336162267123532,0.7923587029263247,0.7555985302649391,0.9694667191132886,0.9492974685788936
E3_Green_CLAHE_UNet,STARE_VK,im0139,0.3,0.9137758126271607,0.7618263724787369,0.6677371809789776,0.9778114274177266,0.9401058835216891
E3_Green_CLAHE_UNet,STARE_VK,im0162,0.3,0.9523647410894637,0.8473399833748961,0.8412387299098393,0.9730841135875795,0.9699916960924868
E3_Green_CLAHE_UNet,STARE_VK,im0163,0.3,0.9555116291839062,0.8619203239970327,0.8759347174962815,0.97050243733927,0.9816709340107656
E3_Green_CLAHE_UNet,STARE_VK,im0235,0.3,0.9395145231737493,0.8275810729074582,0.748266810257791,0.9855453404074359,0.963401919175543
E3_Green_CLAHE_UNet,STARE_VK,im0236,0.3,0.9416761855030841,0.8266886485962275,0.760278981823371,0.9822967137875526,0.965821066531886
E3_Green_CLAHE_UNet,STARE_VK,im0239,0.3,0.9317607413647851,0.7668949091991664,0.6556684703708592,0.9887914381854437,0.9377340514732175
E3_Green_CLAHE_UNet,STARE_VK,im0240,0.3,0.9285862677885115,0.7856740326854594,0.6842446013115576,0.9863847445904554,0.9504974364923163
E3_Green_CLAHE_UNet,STARE_VK,im0255,0.3,0.9476709484883872,0.8463794613948882,0.8007784344817644,0.9799196151655168,0.9702806460189987
E3_Green_CLAHE_UNet,STARE_VK,im0291,0.3,0.9643519849462928,0.778957177004416,0.7362153469137693,0.9856315270654457,0.9289428042529088
E3_Green_CLAHE_UNet,STARE_VK,im0319,0.3,0.949538848156688,0.6610987863760929,0.5723000451875282,0.9850338014994544,0.9201061262168952
E3_Green_CLAHE_UNet,STARE_VK,im0324,0.3,0.8935226859211307,0.44047838703725445,0.3111226956068433,0.9841926249465095,0.8298382649605283
E4_Green_Attention_UNet,DRIVE_test,01,0.3,0.9483770618200618,0.8228926163208513,0.9148986808105535,0.9534275382761008,0.9847475017650684
E4_Green_Attention_UNet,DRIVE_test,02,0.3,0.9533025008107976,0.8524295562076178,0.9002164694718738,0.9626575531447922,0.9853018546328183
E4_Green_Attention_UNet,DRIVE_test,03,0.3,0.9459391211507706,0.8145187031660865,0.8147539986620447,0.9683106808199501,0.9746999570920678
E4_Green_Attention_UNet,DRIVE_test,04,0.3,0.9552371285323209,0.8345326078128807,0.8466203078139933,0.9719470273887869,0.975874962687299
E4_Green_Attention_UNet,DRIVE_test,05,0.3,0.9524710904595223,0.8193382524790491,0.7942261635057285,0.977316496862217,0.9710219187260627
E4_Green_Attention_UNet,DRIVE_test,06,0.3,0.9501536270489102,0.8155917650502488,0.7810932876498987,0.9779317686315854,0.9705384690946275
E4_Green_Attention_UNet,DRIVE_test,07,0.3,0.9555858131107939,0.8291776471383202,0.8141587048832272,0.9771681406969033,0.9733617100404117
E4_Green_Attention_UNet,DRIVE_test,08,0.3,0.9533048018184401,0.8087636363636364,0.7855957048497051,0.9774140968939306,0.9732302637987209
E4_Green_Attention_UNet,DRIVE_test,09,0.3,0.958820170429588,0.8224263661331566,0.8118922961854899,0.9783744774039419,0.9756195950758151
E4_Green_Attention_UNet,DRIVE_test,10,0.3,0.9536712825295163,0.8139156860666454,0.848298467884502,0.9679638325507044,0.9770492616603808
E4_Green_Attention_UNet,DRIVE_test,11,0.3,0.9472903333421124,0.8078965892365777,0.8549757897944672,0.9610401400033286,0.9739640975229058
E4_Green_Attention_UNet,DRIVE_test,12,0.3,0.956112563432262,0.8310528541226215,0.8623376623376623,0.9695301710067047,0.9826737661290558
E4_Green_Attention_UNet,DRIVE_test,13,0.3,0.9525054945054945,0.8335105317493335,0.8386146595559966,0.9713185282307629,0.9769540378392211
E4_Green_Attention_UNet,DRIVE_test,14,0.3,0.9539658363367485,0.819731252709146,0.8876497315159025,0.9628305968688354,0.9831313610607506
E4_Green_Attention_UNet,DRIVE_test,15,0.3,0.9514894852106915,0.7953166459465979,0.9076317126884635,0.9565712378914722,0.9822681125912717
E4_Green_Attention_UNet,DRIVE_test,16,0.3,0.9552601298233594,0.836261351764044,0.8732167433117385,0.9676103949914857,0.9845614299395646
E4_Green_Attention_UNet,DRIVE_test,17,0.3,0.9527279488587063,0.8110690399518737,0.8229507019496607,0.9709795842107124,0.9780668314509045
E4_Green_Attention_UNet,DRIVE_test,18,0.3,0.9502882097604696,0.8058477324593765,0.8981793145654835,0.9570502511565112,0.9831941848924973
E4_Green_Attention_UNet,DRIVE_test,19,0.3,0.9547425545763188,0.8334762698425541,0.9410604012131399,0.9566145554716755,0.9880985601894197
E4_Green_Attention_UNet,DRIVE_test,20,0.3,0.9540090452393823,0.8056463595839525,0.8938344873062974,0.9611923703255453,0.985642620758992
E4_Green_Attention_UNet,STARE_AH,im0001,0.3,0.9421885192433138,0.7547764972814432,0.8395038931462161,0.954360888266261,0.9646104071940679
E4_Green_Attention_UNet,STARE_AH,im0002,0.3,0.9525190299826916,0.7738217667293167,0.8589930323190175,0.9622860243697894,0.9725718384112936
E4_Green_Attention_UNet,STARE_AH,im0003,0.3,0.9600391136365808,0.7866979496072631,0.9166765719719482,0.9638297577567038,0.9876649071190285
E4_Green_Attention_UNet,STARE_AH,im0004,0.3,0.9533062548365479,0.711293239623635,0.61412871600253,0.9883570345979908,0.9434336341140093
E4_Green_Attention_UNet,STARE_AH,im0005,0.3,0.9413468640611452,0.7935244641403636,0.9179984829065418,0.9446146749695232,0.9837239338112215
E4_Green_Attention_UNet,STARE_AH,im0044,0.3,0.9547399288529949,0.782638808726769,0.9203203474955884,0.9580833586055036,0.9856557938783315
E4_Green_Attention_UNet,STARE_AH,im0077,0.3,0.9316971309993453,0.7583695389118735,0.9827951850413692,0.9254420604624632,0.9913638883970605
E4_Green_Attention_UNet,STARE_AH,im0081,0.3,0.9363551772828131,0.7508914017929911,0.9391284958909346,0.9360396857606679,0.9865268797088027
E4_Green_Attention_UNet,STARE_AH,im0082,0.3,0.9444111268514226,0.7906022566306843,0.9752071095044434,0.940697606835123,0.991968438136705
E4_Green_Attention_UNet,STARE_AH,im0139,0.3,0.9287707662485382,0.7441035971223021,0.9519349708429051,0.9259431028470148,0.9831056174934314
E4_Green_Attention_UNet,STARE_AH,im0162,0.3,0.9399857989086559,0.7627774644999231,0.9863118122762826,0.9349625343659593,0.9925087194763892
E4_Green_Attention_UNet,STARE_AH,im0163,0.3,0.9407930648010878,0.7784371789448238,0.9835675015271839,0.9357349504639378,0.992997202157268
E4_Green_Attention_UNet,STARE_AH,im0235,0.3,0.9474077652788749,0.8158258742297976,0.9536829163994013,0.9465346829192107,0.988455610435963
E4_Green_Attention_UNet,STARE_AH,im0236,0.3,0.9515257334943377,0.8297904037220816,0.9471797823357053,0.9521451529908347,0.9887569079837467
E4_Green_Attention_UNet,STARE_AH,im0239,0.3,0.9395946508632794,0.7461889003417783,0.752640218878249,0.9646010898165464,0.9361466854108824
E4_Green_Attention_UNet,STARE_AH,im0240,0.3,0.9552860144944907,0.8321032103210321,0.8994616332619835,0.9631290210873567,0.9850012831508911
E4_Green_Attention_UNet,STARE_AH,im0255,0.3,0.9523420267289477,0.8320799140512493,0.9606766778390647,0.9511740492401688,0.9921644396175363
E4_Green_Attention_UNet,STARE_AH,im0291,0.3,0.9720650497870005,0.8045709061821507,0.8223696505326107,0.9833192834562697,0.9637437237832505
E4_Green_Attention_UNet,STARE_AH,im0319,0.3,0.968354102437887,0.734470952665616,0.7420523801680119,0.9825383114402624,0.9710650521485831
E4_Green_Attention_UNet,STARE_AH,im0324,0.3,0.925733693396919,0.4477569427961073,0.33376977246187056,0.9844255996968623,0.8167221961519752
E4_Green_Attention_UNet,STARE_VK,im0001,0.3,0.9367318982387476,0.75001288726223,0.7696519255184088,0.9602331914640316,0.9530276461328928
E4_Green_Attention_UNet,STARE_VK,im0002,0.3,0.9403696190281216,0.6926913485516977,0.8542701679678258,0.947721396250808,0.9606578009950499
E4_Green_Attention_UNet,STARE_VK,im0003,0.3,0.9340801447331959,0.6420120390230402,0.7658152106631453,0.9481541052864105,0.9274259935072554
E4_Green_Attention_UNet,STARE_VK,im0004,0.3,0.9444384791116673,0.6235323632714501,0.5786728754365541,0.9760341748322634,0.9221376403321595
E4_Green_Attention_UNet,STARE_VK,im0005,0.3,0.9298468158900415,0.7692145158734351,0.8193787981093855,0.9482319448606533,0.9573897128924557
E4_Green_Attention_UNet,STARE_VK,im0044,0.3,0.9388550379771176,0.7687044677054565,0.7023322464746319,0.9788605491760953,0.9434543802244939
E4_Green_Attention_UNet,STARE_VK,im0077,0.3,0.9498551980480241,0.8572488430970686,0.8474796926856997,0.9719728721170682,0.9725584905208863
E4_Green_Attention_UNet,STARE_VK,im0081,0.3,0.9329780519387563,0.8037197957161369,0.729461413400671,0.9801317603308435,0.9570658554384559
E4_Green_Attention_UNet,STARE_VK,im0082,0.3,0.9442847000930371,0.8288266754309959,0.8046799458518662,0.972399316116821,0.9614891754762196
E4_Green_Attention_UNet,STARE_VK,im0139,0.3,0.9192835744380897,0.7853735005452562,0.715103560623691,0.9724247930547143,0.9476371223767631
E4_Green_Attention_UNet,STARE_VK,im0162,0.3,0.9531331563060302,0.8499351154944199,0.8445604406940519,0.973376468506451,0.9717052217258976
E4_Green_Attention_UNet,STARE_VK,im0163,0.3,0.9620747458891699,0.8814825282112361,0.8897084292671,0.9757072122212413,0.9882835940429341
E4_Green_Attention_UNet,STARE_VK,im0235,0.3,0.9469964548962257,0.8517019974609321,0.7845796594198021,0.9860880482767,0.9716986089548953
E4_Green_Attention_UNet,STARE_VK,im0236,0.3,0.9487288273881401,0.850523311132255,0.7972565598187689,0.9826482230805795,0.9737472367528213
E4_Green_Attention_UNet,STARE_VK,im0239,0.3,0.9336974309812238,0.772325733476685,0.6568751296215992,0.9908789257228315,0.9397241353853394
E4_Green_Attention_UNet,STARE_VK,im0240,0.3,0.9340396800664796,0.802766760644144,0.7017041894657701,0.9889981227151468,0.9606905657326805
E4_Green_Attention_UNet,STARE_VK,im0255,0.3,0.9499318801089919,0.8531384694430965,0.8078420066311085,0.9811261788720805,0.9741625109472567
E4_Green_Attention_UNet,STARE_VK,im0291,0.3,0.9695495648537752,0.8076835785173417,0.7494639301577577,0.990078146206266,0.958552194137861
E4_Green_Attention_UNet,STARE_VK,im0319,0.3,0.9576770123578331,0.7105105770295714,0.6039313149570719,0.9909614648733683,0.9262117817802707
E4_Green_Attention_UNet,STARE_VK,im0324,0.3,0.8895709242270443,0.3830363989799012,0.2544666129567319,0.9884460446516844,0.7814277012893545
E5_Green_CLAHE_Attention_UNet,DRIVE_test,01,0.25,0.9475035320019431,0.8202200888291946,0.9135726914184686,0.9526222655348396,0.9840812578554125
E5_Green_CLAHE_Attention_UNet,DRIVE_test,02,0.25,0.953338042623519,0.8505357828976391,0.8861607804762328,0.9651763132041554,0.9848172138349215
E5_Green_CLAHE_Attention_UNet,DRIVE_test,03,0.25,0.9453764946151767,0.8104301835736909,0.8014352612053761,0.9699234084038145,0.9719638545700032
E5_Green_CLAHE_Attention_UNet,DRIVE_test,04,0.25,0.9548416579882852,0.8323901166109435,0.8410176976567907,0.9723526369692852,0.9723037430556198
E5_Green_CLAHE_Attention_UNet,DRIVE_test,05,0.25,0.9516981198367978,0.8160008030515961,0.7892743866916953,0.9771996239741864,0.9704182384219185
E5_Green_CLAHE_Attention_UNet,DRIVE_test,06,0.25,0.9492613154343535,0.8087102066519729,0.7600062295592587,0.9803576363654974,0.9667812729815206
E5_Green_CLAHE_Attention_UNet,DRIVE_test,07,0.25,0.953380915779071,0.8219067753951474,0.8125,0.9748798922700741,0.9718206674749033
E5_Green_CLAHE_Attention_UNet,DRIVE_test,08,0.25,0.9528164512004547,0.8053836293719099,0.7767652149341245,0.9781249841319813,0.97119767107577
E5_Green_CLAHE_Attention_UNet,DRIVE_test,09,0.25,0.9581832557322323,0.8169301180723818,0.7943530291697831,0.9799870595261796,0.9733320687999004
E5_Green_CLAHE_Attention_UNet,DRIVE_test,10,0.25,0.953350166276635,0.8092660203953166,0.828594578668238,0.9702717554201219,0.974250542937255
E5_Green_CLAHE_Attention_UNet,DRIVE_test,11,0.25,0.9453589331647748,0.8004040663181862,0.8451224054447567,0.9602886812150433,0.9702473473451425
E5_Green_CLAHE_Attention_UNet,DRIVE_test,12,0.25,0.9556512378902046,0.8289326509168559,0.8584064584064585,0.9695653265700725,0.9814782963754664
E5_Green_CLAHE_Attention_UNet,DRIVE_test,13,0.25,0.9515516483516484,0.8279156908665105,0.8220885526478978,0.9729369827091698,0.9722492562120075
E5_Green_CLAHE_Attention_UNet,DRIVE_test,14,0.25,0.9541783630132741,0.8193608071075736,0.8813412939806992,0.9639148090330936,0.9825929478391467
E5_Green_CLAHE_Attention_UNet,DRIVE_test,15,0.25,0.95169177726765,0.794130324781199,0.8972979840758936,0.9579943272712997,0.9815237975746831
E5_Green_CLAHE_Attention_UNet,DRIVE_test,16,0.25,0.9533408873312428,0.8260641781270465,0.8468329361216475,0.9693738851861771,0.9814776375464751
E5_Green_CLAHE_Attention_UNet,DRIVE_test,17,0.25,0.9519886313328966,0.8065914076293403,0.8119636637822699,0.9716814874288628,0.9767711308008072
E5_Green_CLAHE_Attention_UNet,DRIVE_test,18,0.25,0.9495588984763546,0.802123369124972,0.8900703794369645,0.9572785752576092,0.9824424917745425
E5_Green_CLAHE_Attention_UNet,DRIVE_test,19,0.25,0.9573196474748008,0.8406063691756861,0.9351043227244491,0.9603591622879598,0.987899004188804
E5_Green_CLAHE_Attention_UNet,DRIVE_test,20,0.25,0.9531124325892327,0.8006353952532237,0.8828305308275635,0.9615023197004806,0.983125401844014
E5_Green_CLAHE_Attention_UNet,STARE_AH,im0001,0.25,0.9404174820613177,0.7528612787142509,0.8563382882466993,0.950384338962522,0.9638748941094814
E5_Green_CLAHE_Attention_UNet,STARE_AH,im0002,0.25,0.9477210548845173,0.7622191748353565,0.8861551785222218,0.9541504283623568,0.9764886191662085
E5_Green_CLAHE_Attention_UNet,STARE_AH,im0003,0.25,0.9499644855824205,0.7460432934025252,0.914220056262134,0.9530891735187969,0.983266534184253
E5_Green_CLAHE_Attention_UNet,STARE_AH,im0004,0.25,0.9482336649646955,0.7364512054892647,0.7722169512966477,0.966423321881013,0.9622857855928535
E5_Green_CLAHE_Attention_UNet,STARE_AH,im0005,0.25,0.9193615723048267,0.7397765664186374,0.9335879260286155,0.9173704692139011,0.9779373619568732
E5_Green_CLAHE_Attention_UNet,STARE_AH,im0044,0.25,0.941523050668205,0.7397890289717503,0.9388828559793675,0.941779512400944,0.9836237890878409
E5_Green_CLAHE_Attention_UNet,STARE_AH,im0077,0.25,0.9271136361415248,0.7472492713675697,0.9879028644822128,0.919672239041727,0.9915059936377797
E5_Green_CLAHE_Attention_UNet,STARE_AH,im0081,0.25,0.935532043648857,0.7476278418136661,0.9348920175829777,0.9356048527365491,0.9797121368098511
E5_Green_CLAHE_Attention_UNet,STARE_AH,im0082,0.25,0.9380833055086408,0.7722720335749714,0.9756288597680374,0.9335558913703667,0.9903564057377399
E5_Green_CLAHE_Attention_UNet,STARE_AH,im0139,0.25,0.9199628330209385,0.7210932964137376,0.9510514225128115,0.9161678368943488,0.9810321791736045
E5_Green_CLAHE_Attention_UNet,STARE_AH,im0162,0.25,0.9388737043125278,0.7590701716271997,0.9843232135755005,0.9339454816625038,0.9919574040616994
E5_Green_CLAHE_Attention_UNet,STARE_AH,im0163,0.25,0.9297856328465903,0.7485221817340506,0.9881795968234576,0.922880495830158,0.992507711454206
E5_Green_CLAHE_Attention_UNet,STARE_AH,im0235,0.25,0.9410618336608583,0.7993955757030321,0.961460337823391,0.9382237228638788,0.9884821626009029
E5_Green_CLAHE_Attention_UNet,STARE_AH,im0236,0.25,0.9435592833132078,0.8087073866778753,0.9563624947676852,0.9417344678693146,0.9882219974167357
E5_Green_CLAHE_Attention_UNet,STARE_AH,im0239,0.25,0.9419735512754716,0.7777956318059899,0.8608207934336525,0.9528282898516781,0.9636660665407775
E5_Green_CLAHE_Attention_UNet,STARE_AH,im0240,0.25,0.9529168764132927,0.8254099939260159,0.9034831679315042,0.9598620299998177,0.9850414835250937
E5_Green_CLAHE_Attention_UNet,STARE_AH,im0255,0.25,0.9515602698845206,0.828204272747144,0.9499617323374944,0.9517842811652841,0.9908877496967871
E5_Green_CLAHE_Attention_UNet,STARE_AH,im0291,0.25,0.9670536811018478,0.7851924428635327,0.8611474490749392,0.9750158061116965,0.9746296352729633
E5_Green_CLAHE_Attention_UNet,STARE_AH,im0319,0.25,0.9570973341278272,0.7015006083547384,0.8547191566463515,0.9635142250472333,0.9779491042597885
E5_Green_CLAHE_Attention_UNet,STARE_AH,im0324,0.25,0.926649812626485,0.6048798940798185,0.6224211755546906,0.9568134054220947,0.9234716131669259
E5_Green_CLAHE_Attention_UNet,STARE_VK,im0001,0.25,0.9351304631441618,0.7489808539371221,0.7848074481591197,0.9562747403196523,0.9516740984990233
E5_Green_CLAHE_Attention_UNet,STARE_VK,im0002,0.25,0.9331372950438295,0.6722020474826182,0.8714454696001892,0.9384049773755656,0.9628722816308922
E5_Green_CLAHE_Attention_UNet,STARE_VK,im0003,0.25,0.9262160104727718,0.6193160342475884,0.7775760326827054,0.9386485068547997,0.92457922875935
E5_Green_CLAHE_Attention_UNet,STARE_VK,im0004,0.25,0.9334935333735684,0.6351263508572357,0.7279627473806752,0.9512477675339094,0.9329838827697213
E5_Green_CLAHE_Attention_UNet,STARE_VK,im0005,0.25,0.9123831850733807,0.734324637511807,0.8486383074499212,0.9229922085705724,0.9540751354300278
E5_Green_CLAHE_Attention_UNet,STARE_VK,im0044,0.25,0.9329271223920776,0.7611895592640137,0.7388839276442857,0.9657476262904795,0.936727444647392
E5_Green_CLAHE_Attention_UNet,STARE_VK,im0077,0.25,0.9465226356887133,0.8501916408103668,0.8541357243706108,0.9664823280540656,0.9709265457014659
E5_Green_CLAHE_Attention_UNet,STARE_VK,im0081,0.25,0.9304631021401475,0.796329296067239,0.7226642222145353,0.9786089827845991,0.9485663046948569
E5_Green_CLAHE_Attention_UNet,STARE_VK,im0082,0.25,0.9398630052612982,0.8188148886089054,0.8106362405724231,0.9658876266215938,0.9543528834661226
E5_Green_CLAHE_Attention_UNet,STARE_VK,im0139,0.25,0.9149805353967415,0.778994711198101,0.7255449538437669,0.9642842721582879,0.9388522405546588
E5_Green_CLAHE_Attention_UNet,STARE_VK,im0162,0.25,0.9496866357355225,0.8392716576210797,0.8358951082134973,0.9709029920217881,0.9675962471052107
E5_Green_CLAHE_Attention_UNet,STARE_VK,im0163,0.25,0.9560413295479137,0.867586394769614,0.9084740927891767,0.9650021110812574,0.9863254916354552
E5_Green_CLAHE_Attention_UNet,STARE_VK,im0235,0.25,0.9466439031396693,0.8540820425835826,0.8049236050346638,0.9807541209347536,0.9693074284335991
E5_Green_CLAHE_Attention_UNet,STARE_VK,im0236,0.25,0.9483274044580791,0.8537272618090778,0.8241915056813114,0.9761253290406592,0.9727203665943451
E5_Green_CLAHE_Attention_UNet,STARE_VK,im0239,0.25,0.9444492861684856,0.823291440775423,0.7558777503346594,0.9834013584247259,0.9608669323809784
E5_Green_CLAHE_Attention_UNet,STARE_VK,im0240,0.25,0.9307756230473588,0.7950655832712392,0.7019548055636774,0.9849026776010276,0.952770381159368
E5_Green_CLAHE_Attention_UNet,STARE_VK,im0255,0.25,0.9470740884909822,0.8439078524414511,0.794759982701456,0.9805130071523515,0.9708603268472522
E5_Green_CLAHE_Attention_UNet,STARE_VK,im0291,0.25,0.9654071818728276,0.7950291322274056,0.7863378771634247,0.9821099475691816,0.9582154922912007
E5_Green_CLAHE_Attention_UNet,STARE_VK,im0319,0.25,0.9559930309075365,0.7422664770033192,0.7368579605362253,0.9766117717087828,0.9552356265199653
E5_Green_CLAHE_Attention_UNet,STARE_VK,im0324,0.25,0.9056748319384061,0.5901525658807212,0.5041230273446756,0.96818973276867,0.9012456894048668
